condition,doc_id,final_delta,min_delta,exact_fp,approx_fp,fit_k,fit_c,fit_r2,len0,len_final,drift_final
D1_main,abs_000,0.3342876228647772,0.2512471220260936,,,0.9223555627800187,0.34344185278752576,0.728474155256458,1617,10479,0.7919447690449444
D1_main,abs_008,0.20276059019514517,0.12285310163669429,,,1.116754894379525,0.25398070821908264,0.6637325206298164,1848,10505,0.8588741775479776
D1_main,abs_024,0.43363010926750306,0.2847158359389369,,,2.4096262291170882,0.36411534107955573,0.7734936216419322,920,9884,0.7688913532715649
D1_main,abs_016,0.37235955056179776,0.25870924519874944,,,0.6692383252473818,0.3903043563117993,0.40614305199805545,1358,8900,0.8116397271984294
D1_main,abs_040,0.2971152021256405,0.27337688852592895,,,0.8804676871794538,0.31378097528779636,0.8895139047770064,1637,10538,0.7783012981674363
D1_main,abs_025,0.4863745166635979,0.27541169789892106,,,2.1958621399734843,0.4108359683104787,0.31717869496788986,1852,10862,0.7790755310786939
D1_main,abs_009,0.28747022391615057,0.2501205749011286,,,2.997232856226964,0.3254505016682067,0.7936923426463038,1910,10495,0.8139850894214621
D1_main,abs_032,0.5021763336370078,0.4137259147001515,,,16.568633513007324,0.5130033294064344,0.3835338993859888,1561,9879,0.659099048693558
D1_main,abs_001,0.2625844214317875,0.26015377657168703,,,0.08931826244559617,3.4250270803504764e-13,0.652954522167013,1910,11105,0.7611462044241178
D1_main,abs_033,0.2812352663837812,0.2812352663837812,,,0.08444821521405123,1.1788686922530132e-17,0.5712644694753567,757,8484,0.66977851345758
D1_main,abs_041,0.4954720398460494,0.2710606231020133,,,0.7654864276398508,0.39885989749566547,0.6528500281309151,703,8298,0.7417242808277408
D1_main,abs_017,0.5572670260754758,0.2558454761097933,,,1.0609920170350493,0.37394102739997526,0.5065499065565287,1550,8999,0.791638850336357
D2_cross_model,abs_008,0.205637707948244,0.1513101476893759,,,0.3443114130256963,0.14295872671428958,0.9162984093086431,1848,10820,0.8753527759313801
D2_cross_model,abs_040,0.1524327364769851,0.1524327364769851,,,1.4105094541330045,0.2882043218398215,0.7158377333722228,1637,10667,0.8319760682124543
D2_cross_model,abs_024,0.03342428376534789,0.03342428376534789,,,0.6339355046901032,0.15072260893334843,0.9134560168271545,920,10262,0.7876026501751786
D2_cross_model,abs_025,0.19759206798866855,0.19759206798866855,,,0.7039580168283804,0.2906022273342816,0.6551020814615365,1852,11296,0.8137282832475692
D2_cross_model,abs_032,0.23487056403223042,0.15018638414753777,,,0.8235917926693791,0.26759998055800327,0.6097287174672066,1561,11666,0.7826003590665476
D2_cross_model,abs_033,0.3537463976945245,0.31883901596892533,,,0.18911964318292618,0.18029301523797678,0.9371970961490926,757,9716,0.6420155096623238
D2_cross_model,abs_016,0.21572523417541867,0.21572523417541867,,,1.085656172273007,0.28916514838765994,0.6961203402892063,1358,10569,0.8031117070413971
D2_cross_model,abs_009,0.23282336578581364,0.16510162843218829,,,1.0852056830381616,0.24873175672052725,0.780319490638182,1910,10773,0.8422134956434951
D2_cross_model,abs_001,0.09995444191343963,0.09995444191343963,,,1.0077596250275531,0.20917249622021833,0.7969560508205813,1910,10975,0.8009780886907173
D2_cross_model,abs_000,0.2977285018929151,0.16187354620427152,,,1.121559118284591,0.22546497122911058,0.8819424315877841,1617,10946,0.832927787904109
D2_cross_model,abs_017,0.37101387858883356,0.24129513041243736,,,2.444457853418498,0.3423516484402493,0.784656349828552,1550,9439,0.7775915522284785
D2_cross_model,abs_041,0.3358104036955212,0.23721837088388215,,,1.2238659584445388,0.3633594768535763,0.7368523361337331,703,9958,0.6827498178204192
D2_framing_harsh,abs_040,0.44800796812749005,0.36641580432737536,,,19.99995633074221,0.43642362724168154,0.8054236197890734,1637,9983,0.691935741422939
D2_framing_harsh,abs_024,0.37653318903318905,0.20516177295679822,,,0.3501765475188347,0.26934060523437886,0.8084638011174443,920,11088,0.7445490210710699
D2_framing_harsh,abs_001,0.5647749921325921,0.3740406320541761,,,16.221430074760377,0.5176249013103534,0.3167453213682001,1910,9445,0.7419672236331725
D2_framing_harsh,abs_008,0.3825638084313163,0.3332377401778033,,,0.16953239308569124,0.2582865888967194,0.6519039506003421,1848,9372,0.841856901690606
D2_framing_harsh,abs_009,0.3489273225593044,0.33556786165355096,,,19.00290336352985,0.42398433980283096,0.5295392791773599,1910,10581,0.7169295539181075
D2_framing_harsh,abs_033,0.5423346693386774,0.28904024767801856,,,0.17668973475700234,0.24441776098529366,0.5758467361783689,757,7875,0.6668832041085835
D2_framing_harsh,abs_000,0.45476541131916687,0.3450733319562074,,,0.9676106890028752,0.43257773030034896,0.6818075840201374,1617,9506,0.7884382363280594
D2_framing_harsh,abs_032,0.3636779505946935,0.3636779505946935,,,0.06647845143098063,7.625339845159882e-14,0.507109897610532,1561,10930,0.6812690803680981
D2_framing_harsh,abs_016,0.37177227004044383,0.37177227004044383,,,0.7133296980458064,0.3882926930347662,0.8783007271941953,1358,9114,0.7427202145704431
D2_framing_harsh,abs_025,0.4949247779590357,0.35489766081871343,,,2.428685327771921,0.43271560134235565,0.5067992358588358,1852,10967,0.7462300256639057
D2_framing_harsh,abs_041,0.758863554971947,0.19885423297262889,,,2.4686066229428736,0.4815135421497066,0.3297525187483149,703,8377,0.7093682192457784
D2_framing_harsh,abs_017,0.29871068803470296,0.26756583172768145,,,0.05552099181342704,1.587784795435576e-10,0.2093910459739703,1550,8299,0.7490059485380658
D2_framing_lenient,abs_008,0.10729806683650532,0.10729806683650532,,,3.321227310089465,0.1941281817526824,0.6360270668566403,1848,6673,0.879167045999955
D2_framing_lenient,abs_025,0.16764064544265156,0.1660709726831759,,,0.7913389504688205,0.23200385083780184,0.5298904039954363,1852,11465,0.8427257988702205
D2_framing_lenient,abs_024,0.2869995056846268,0.22030651340996169,,,0.7884704949187219,0.27560642785081485,0.8861903246501899,920,10115,0.8101998428492923
D2_framing_lenient,abs_033,0.3093344074111368,0.20593601751611726,,,0.9737841681288293,0.3440048412315535,0.7077254604489034,757,9904,0.7676684427861942
D2_framing_lenient,abs_016,0.2685828495288855,0.1957961416642672,,,0.7089041049666952,0.24552366606449408,0.8429850176094601,1358,10507,0.8305902251990842
D2_framing_lenient,abs_009,0.189305012111049,0.10672268907563025,,,0.2266638999535076,0.10756251792642758,0.7507724405205896,1910,10734,0.8426442811274686
D2_framing_lenient,abs_032,0.2275084957968163,0.2275084957968163,,,0.6045620255168914,0.272029326629624,0.7860376188220811,1561,11175,0.7891814341102837
D2_framing_lenient,abs_000,0.3364138719512195,0.19233761182419293,,,0.7196089751696789,0.23880595675769237,0.7970917240412542,1617,10381,0.847111544159886
D2_framing_lenient,abs_001,0.27399024749286965,0.20342257797405466,,,0.49813077296715397,0.2403961768781973,0.7277778460932702,1910,10861,0.8313885802240492
D2_framing_lenient,abs_040,0.23620588808734647,0.15126932620729147,,,1.369629178275589,0.22262995605042338,0.9608835447803682,1637,10178,0.8383788754230195
D2_framing_lenient,abs_017,0.2961165048543689,0.22041829815681405,,,1.5787838682772821,0.29092281846277546,0.8590666660627689,1550,10094,0.7007106140519016
D2_framing_lenient,abs_041,0.24480884056679442,0.24480884056679442,,,0.5352378951203687,0.26125252732093646,0.7984341919679238,703,11221,0.7533208279982154
D2_genre_prose,wiki_009,0.42437055544877955,0.31756508984231757,,,0.18041558191822227,0.2512058079103924,0.6070061414346322,452,10406,0.6097712403049803
D2_genre_prose,wiki_004,0.2261839458767599,0.2261839458767599,,,0.3050388879408755,0.21064672281417232,0.8568422187772982,608,10636,0.5570492288813417
D2_genre_prose,wiki_000,0.07267192999143918,0.07267192999143918,,,0.15915786359304374,2.6030359060176944e-14,0.8407171475128622,901,10420,0.6942277920913098
D2_genre_prose,wiki_007,0.31719848566792863,0.24950773558368494,,,0.16740581834076215,0.01843245670132851,0.8772963442294985,355,11094,0.53484827168038
D2_genre_prose,wiki_002,0.2581170299357873,0.22298916690633688,,,0.4112539163451601,0.20470151395257472,0.9306217736672275,523,10871,0.6887966688346076
D2_genre_prose,wiki_001,0.24613510728005247,0.20640806236927173,,,0.4244941849484099,0.2415493451648267,0.7662455750212598,949,10607,0.6489697639008396
D2_genre_prose,wiki_003,0.27431816066275716,0.2635487988859232,,,0.3523403830225003,0.2000683391270239,0.9361059428178827,464,10743,0.6129797155187413
D2_genre_prose,wiki_010,0.46191558053330145,0.10068157359799115,,,0.5694545826568091,0.26612372065011425,0.6673705651658378,525,7793,0.5979066357552996
D2_genre_prose,wiki_008,0.15783216090359656,0.15783216090359656,,,0.13041314082180047,1.1482661559012648e-21,0.8549694712552859,1463,10093,0.6798788302134186
D2_genre_prose,wiki_005,0.31529348411416264,0.2475454355546271,,,1.2052070564051036,0.3082765196067052,0.9314478250657559,790,11142,0.6494032323308528
D2_single_stage,abs_000,0.041811846689895474,0.041811846689895474,,,1.875673307868205,0.043211516150441824,0.9858937852089517,1617,1708,0.9915564595970756
D2_single_stage,abs_001,0.016898608349900597,0.016898608349900597,,3,1.8557386743381739,0.01652568691032642,0.9999715950982186,1910,2012,0.966663926935903
D2_single_stage,abs_009,0.01717171717171717,0.01717171717171717,,3,2.2320865208598653,0.018060222410655833,0.9993495930444929,1910,1980,0.9669508334098216
D2_single_stage,abs_033,0.2033898305084746,0.1942257217847769,,,0.7094817657207458,0.19883154286221522,0.9890929802551588,757,755,0.9676880654346204
D2_single_stage,abs_008,0.009564293304994687,0.009564293304994687,,4,2.741005129871374,0.014803827131741427,0.948440573002697,1848,1876,0.9425485418423372
D2_single_stage,abs_016,0.02790346907993967,0.02790346907993967,,,0.7678470358585382,0.03310776550719722,0.9195244472014655,1358,1324,0.9885734908573492
D2_single_stage,abs_032,0.04758800521512386,0.04174820613176777,,,1.827783223835256,0.04462186857218897,0.9973107017822862,1561,1534,0.9745834766050446
D2_single_stage,abs_017,0.0,0.0,2,1,2.78033146543606,1.791600358245654e-11,0.9999825187244291,1550,1637,0.9873897586694952
D2_single_stage,abs_041,0.12101063829787234,0.12101063829787234,,,0.4945579199102072,0.11380949545825568,0.9645074615284409,703,732,0.959082476505468
D2_single_stage,abs_040,0.04962920707358814,0.04846066134549601,,,1.6504904930297504,0.05652774294876539,0.994726907172208,1637,1753,0.9701768708450615
D2_single_stage,abs_025,0.013754457463066735,0.013754457463066735,,4,0.5958262307865007,0.011070265183892944,0.9806202617437948,1852,1963,0.9699275668410517
D2_single_stage,abs_024,0.021920668058455117,0.021920668058455117,,,2.024493062614223,0.02493345664632174,0.9872316495653602,920,958,0.9937164657743369
D2_temp_default,abs_024,0.5369177141649942,0.5300517587408894,,,0.29164677451669635,0.5078496537296969,0.8493495657743961,920,9037,0.7533525746751148
D2_temp_default,abs_001,0.4677737123557557,0.46308186195826645,,,0.051388545631636806,9.237301972109907e-11,0.46530601584549514,1910,10659,0.7570866118682079
D2_temp_default,abs_008,0.5337498719655843,0.41459029026457744,,,15.03214871684935,0.570957063205452,-6.872280522429719e-12,1848,9508,0.8069738646834906
D2_temp_default,abs_009,0.4811533941968725,0.4811533941968725,,,17.39340574605681,0.5860352511545981,0.15985074609986405,1910,11063,0.767030744039979
D2_temp_default,abs_032,0.6207446808510638,0.4765957446808511,,,0.22046293375649692,0.5370613578319344,0.14971778821754822,1561,8749,0.7900196182606006
D2_temp_default,abs_040,0.678550089623581,0.3534339990258159,,,1.6955311743270325,0.5632149691977711,0.1548851177961864,1637,10042,0.734994058413298
D2_temp_default,abs_025,0.4951038711448705,0.4258660508083141,,,0.0507336074345804,4.424193506103588e-15,0.6650493525949344,1852,10927,0.8173350578183468
D2_temp_default,abs_016,0.7045898999194754,0.5367376176831764,,,19.087114364890326,0.6637617708673019,0.011663588613409881,1358,8693,0.6200654327549697
D2_temp_default,abs_000,0.5935337156416848,0.5935337156416848,,,0.005574350866607418,1.3599734111415488e-09,0.04922677544576659,1617,10114,0.7404491385834868
D2_temp_default,abs_033,0.6290509259259259,0.5489989462592202,,,18.72731325620011,0.6431056557464155,0.5083843937709741,757,8640,0.6855773882767099
D2_temp_default,abs_041,0.7179186228482003,0.5680774481817054,,,19.999986764777532,0.6778550268777045,0.20131442520069787,703,7668,0.6899125973367821
D2_temp_default,abs_017,0.7471215351812367,0.6169865251122907,,,19.997410283393695,0.7086975864775155,-3.3745450833677637e-07,1550,6978,0.7110842898174421
D2_unconstrained,abs_032,0.4371613354308687,0.3005200255451145,,,19.999997036687933,0.4842632073171432,0.2729512740689062,1561,11442,0.6665199813201017
D2_unconstrained,abs_025,0.41235697940503435,0.37766726943942136,,,5.125433063293382,0.49538549544726,0.22336272370872157,1852,10744,0.7618458978173547
D2_unconstrained,abs_024,0.39747345294763825,0.328196082072231,,,0.47977663700052386,0.3582074810558541,0.9502615485306583,920,10924,0.7671396396298678
D2_unconstrained,abs_016,0.5805008944543828,0.4196978731862453,,,16.62048473689789,0.48300830551156293,0.4181027826214202,1358,9717,0.7917917552493571
D2_unconstrained,abs_040,0.3681516587677725,0.3321757086540267,,,0.49230252254224527,0.3587140468287599,0.7687733243106908,1637,10022,0.7847735692195267
D2_unconstrained,abs_033,0.23884407229653834,0.23884407229653834,,,0.4336910731154379,0.28723526622598106,0.8171200326149186,757,9793,0.7557817888791365
D2_unconstrained,abs_001,0.4101010101010101,0.3960910206779341,,,1.5807952654463815,0.4689109882187569,0.5467773774391582,1910,10890,0.7832471602388013
D2_unconstrained,abs_009,0.3213382774313164,0.3213382774313164,,,0.07133606343383671,3.4014734663428966e-12,0.4681032927973593,1910,11866,0.8055892370390597
D2_unconstrained,abs_008,0.40869646356256417,0.32250546249089584,,,17.636426517852883,0.4568684263349549,0.23217074935254645,1848,10717,0.8510064411295292
D2_unconstrained,abs_000,0.3007903718340219,0.3007903718340219,,,1.2545111369630808,0.4637900241791611,0.3662821729903216,1617,10898,0.772312705678004
D2_unconstrained,abs_017,0.6312971259971588,0.3356018715440238,,,19.999989674185215,0.47846448348169185,0.3643147438608434,1550,9151,0.7886128772620462
D2_unconstrained,abs_041,0.27781840977954236,0.27781840977954236,,,0.21419347466524175,0.27182529714612275,0.8087876595864123,703,9571,0.7455110459186073
